"name","kind","category","grade","synth_collection_id","market_pda","onchain_collection","vaulted_copies","image_file","image_source"
"Froganas","nft","NFT collections","","F2yXucogZc98Zm1QhrtZd1THT3WnwkqC1f2xtW5EPsAR","8LjUAj7fLcKF8WNDWKRbMacApvFpkUeLnq5sckiN8LRJ","C7on9fL8YFp5W6M7a6SvehMKBppauZXu2eYDTZG4BN2i","","froganas.png","local"
"Mad Lads","nft","NFT collections","","9vMk6PCT4BtZxxxHJXm6r3vF9KRDRVZXfV7ZxSRXdT3m","HEvnWHuKBznoLehG3ymJM9k7sfNjcAyU36zt8GmiriG1","J1S9H3QjnRtBbbuD4HjPV6RpRhwuk4zKbxsnCHuTgh9w","","mad_lads.png","local"
"Famous Fox Federation","nft","NFT collections","","A31gpTQeX6PxDDNhM6YEL3nqeRoQcoHsPGD9qUR2dSY9","B3tfHLWgrXQPmfmkiktgiCvvWeWKqoavvYHWLr5SRGZL","BUjZjAS2vbbb65g7Z1Ca9ZRVYoJscURG5L3AkVvHP9ac","","famous_fox_federation.png","local"
"Tensorians","nft","NFT collections","","repN7xetBWuPnw2S7ZV2EjdqcEfk6XSDbKnFbv8bFwG","EvSwvJNNkEVUYZ5BryXZj5SN6y3TQJL8kkjYiwJKTw3A","5PA96eCFHJSFPY9SWFeRJUHrpoNF5XZL6RrE1JADXhxf","","tensorians.png","local"
"Bodoggos","nft","NFT collections","","3BmXpufUMuc1MMXdDPzVoceyQenqr7H74Lkxpg25iqBe","CPJC35ZhZKKsnzfCt5G7zKRyTHntjbmrPkdKpnKrPqj5","69k55dCTwiUPNgaTZ8FVMADorTvEGJEGuAGEB7m1qB1S","","bodoggos.png","local"
"Claynosaurz","nft","NFT collections","","EnzqiJd7fMN7kthJ7b6ikKuxxB6Ta3k62E48XDjAC9VT","3BSYzmWyU7FDBGuJkYAcWzCe6cLFJLfgETrTsMY8qKit","6mszaj17KSfVqADrQj3o4W3zoLMTykgmV37W4QadCczK","","magiceden_claynosaurz.png","onchain"
"Solana Monkey Business","nft","NFT collections","","3Uwj1bYWGALqkvSHjEF9ckcWAK5BvjthR3cutXT7yCy7","92SpsUji8MVZHu93G6mSKbYRziXM4MDjcEZuvL9gKrqn","SMBtHCCC6RYRutFEPb4gZqeBLUZbMNhRKaMKZZLHi7W","","solana_monkey_business.png","local"
"Okay Bears","nft","NFT collections","","FYZe5j83PkeVc5UDxC2LeWpSinWTh5FhzvV2JbCcD7FX","EAMV82Y1sgbRjZQ5vMLwmsUcQPHhWZe6NJ8mrucVvdcV","3saAedkM9o5g1u5DCqsuMZuC4GRqPB4TuMkvSsSVvGQ3","","okay_bears.png","local"
"Transdimensional Fox Federation","nft","NFT collections","","4A9jnm5vEgeLP2185SLwL1CstR3wBPP3CJkm9GARFXYw","DSv9beQYzMBaHDTufx6V8yQvDRnnS5tVjuWHJnVwxy9S","HbPtffcEzzSzZ1VJaTjaAJqTUQpfNeMkPqNG81dWE2Bi","","transdimensional_fox_federation.png","local"
"Aurory","nft","NFT collections","","3nSc7qSi8oZrtwGUv63xpMxKVeBEJD2HeJcTqWx7jQzw","CeGJEW2u5F2MR275GNATH8PKXdMWqhMD2mLR4aRrJvaU","GWuSqaw2aqob4KeFyKgDKnLWre4ZjV8FHSPR2W3c4xJr","","aurory.png","local"
"Smb Gen3","nft","NFT collections","","5AigaHxi9CJrUgVAdPqn1ojkhqg4SBTpYSkDmctnTpRd","DFv5jCdgy8r4A2mYxwDNJ2TWsYDiKGp9pU2gsPxmXUwu","8Rt3Ayqth4DAiPnW9MDFi63TiQJHmohfTWLMQFHi4KZH","","smb_gen3.png","local"
"2024 #043 Monkey D. Luffy PSA 10 One Piece Promos","card","One Piece","PSA GEM-MT 10","CFw5UqszABbQt9WFt6rwkbLN9bxbGeciej9QoNqatft7","HX6GYpREuTJUPPhpo93deS6GCD86EyCR4veb3FRd9iuQ","CCryptUfeFSZ3Fgc9FLeKrhLVAP67FSqi1GuVoj9CRac","260","2024_One_Piece_Promos_043_PSA_GEM-MT_10.png","local"
"BLACK ILLUSION RITUAL MRL-051 MAGIC RULER | 1ST EDITION 2002 PSA 10","card","Yu-Gi-Oh!","PSA GEM-MT 10","49C1xxQPm1tqqRpUDMFYrmZBDhBqJe6Pe4i55YXQizRh","FUmwU7uzvT7Dzn7FFWyGncQY8CMWvyLJj3UPyVvUkSix","CCryptUfeFSZ3Fgc9FLeKrhLVAP67FSqi1GuVoj9CRac","0","Black_Illusion_Ritual.jpg","local"
"2019 #SM210 Full Art/Moltres & Zapdos & Articuno GX PSA 10 SM Black Star Promo Pokemon","card","Pokemon","PSA GEM-MT 10","6qWxFufTFdhVoyivq4dAQgvFesaENGF4kZ4spGtPZGv5","EQjrobMkjH5JxSXHDFWrqU6Z8bYPqpeKByNfR2uXz9Tt","CCryptUfeFSZ3Fgc9FLeKrhLVAP67FSqi1GuVoj9CRac","7","2019_Pokemon_SM_Black_Star_Promo_SM210_PSA_GEM-MT_10.png","local"
"2025 #118 Monkey D. Luffy PSA 10 OP11-A Fist of Divine Speed One Piece","card","One Piece","PSA GEM-MT 10","FYmLcDFfqxJZVL3PgJYMKyzPXEmzQiTqvU5Pu8aU5kcq","Bz8cEpbumb571xtNQn6BfWWt9zGtNPt8Eedm562Zg5V6","CCryptUfeFSZ3Fgc9FLeKrhLVAP67FSqi1GuVoj9CRac","30","2025_One_Piece_OP11-A_Fist_of_Divine_Speed_118_PSA_GEM-MT_10.jpg","local"
"2025 #P-072 Ryuma CGC 10 Pristine Premium Collection Best Selection Vol.3 - English","card","One Piece","CGC PRISTINE 10","7J7iKgc68aRRiWNZamNGAH1YzYimGxf8DYFQBZSN8fyD","Yx4xTrcYaQ8t8xvnmJhp3opbjmXfgGXMFiPGLhkPkdg","CCryptUfeFSZ3Fgc9FLeKrhLVAP67FSqi1GuVoj9CRac","0","2025_Premium_Collection_Best_Selection_Vol_3_-_English_P-072_CGC_PRISTINE_10.png","local"
"2025 #120 Sabo PSA 10 One Piece Japanese OP13-Carrying on His Will","card","One Piece","PSA GEM-MT 10","4JQXRecgh5tLCwRC6zQvW6HK3NiSGerjwiMRM3YoXvLY","4LrExBUcGXq3zBkpwSZxGSP8XbvznuVb14BvZiXxRCBL","CCryptUfeFSZ3Fgc9FLeKrhLVAP67FSqi1GuVoj9CRac","18","2025_One_Piece_Japanese_OP13-Carrying_on_His_Will_120_PSA_GEM-MT_10.jpg","local"
"2025 #173 Ditto PSA 10 Korean SV-P Promo Pokemon","card","Pokemon","PSA GEM-MT 10","3ZZ6FVSqZFneFbFrrx8zBaqQgyKqmbA1JfJ7XKu7xDbN","5wiTuwvhtd79SXikJbYkzZhHPR3j74r3P7WCd5YwHMqw","CCryptUfeFSZ3Fgc9FLeKrhLVAP67FSqi1GuVoj9CRac","2","card_2025_Pokemon_Korean_SV_P_Promo_173_PSA_GEM_MT_10.jpg","onchain"
"2024 #ST03-013 Boa Hancock CGC 10 Pristine Premium Collection Best Selection Vol.2 - English","card","One Piece","CGC PRISTINE 10","7p2NCKuCLxUTr3g1f1GL18BjvuSLYVp9bUJgHcvtrc8z","5yaARCdEayKLsho1KeBgtfLyfeQTxyJnwvZPj5aqN5Wx","CCryptUfeFSZ3Fgc9FLeKrhLVAP67FSqi1GuVoj9CRac","0","2024_Premium_Collection_Best_Selection_Vol_2_-_English_ST03-013_CGC_PRISTINE_10.jpg","local"
"2023 #291 Full Art/Lucario Vstar CGC 10 Pristine Swsh Black Star Promo Pokemon","card","Pokemon","CGC PRISTINE 10","Dg895qMRtm5NVXxNRaaj5hgWmcsgK5ysoPbMRth3fvKa","3KSFubT8kHACswRxgv7pmAKgfGWF3FScpYKGSNNq2Ys8","CCryptUfeFSZ3Fgc9FLeKrhLVAP67FSqi1GuVoj9CRac","0","2023_Black_Star_Promos_-_Sword_Shield_-_English_SWSH291_CGC_PRISTINE_10.png","local"
"2024 #ST10-006 Monkey D. Luffy SR Treasure Booster CGC 10 Pristine Promotional Cards - English","card","One Piece","CGC PRISTINE 10","neREQMyj73gKXTfEyDupqvDQ54CkKvDAEXUzCFSjpLp","2JUQEPzFUmjX4hEBMSWw2pEXHyL3dk6E3Th7zk8wGwxe","CCryptUfeFSZ3Fgc9FLeKrhLVAP67FSqi1GuVoj9CRac","0","2024_Promotional_Cards_-_English_ST10-006_CGC_PRISTINE_10.jpg","local"
"2025 #119 Portgas D. Ace PSA 10 One Piece OP13-Carrying on His Will","card","One Piece","PSA GEM-MT 10","EkoufLQt8uz4nxcYWHHPBxc2E53fEZtJThbf6DgKVoET","5yRVVDcje2avS7erXTUQZz9NjjgFxpsXdAwSBjKGGf43","CCryptUfeFSZ3Fgc9FLeKrhLVAP67FSqi1GuVoj9CRac","39","2025_One_Piece_OP13-Carrying_on_His_Will_119_PSA_GEM-MT_10.jpg","local"
"2024 #006 Monkey D. Luffy PSA 10 One Piece Promos","card","One Piece","PSA GEM-MT 10","7pAMTvkxjAZFwrRXnWogsvyDy4KK1jPFxdgskjyLUh6","3eZHEu3uHrQdZTxKKS3J1ziy2rpiDDtbrb6uqcuzi2yA","CCryptUfeFSZ3Fgc9FLeKrhLVAP67FSqi1GuVoj9CRac","151","2024_One_Piece_Promos_006_PSA_GEM-MT_10.png","local"
"2023 #199 Charizard EX PSA 9 Mew EN-151 Pokemon","card","Pokemon","PSA MINT 9","65LM5vTvRgtmfdvpQouyyyeCrjVv3oC5BLKZaPuPECuA","D66hgS3sEABx1p8eECbesdwBtJXYNuU3a5nZAK1LvvJW","CCryptUfeFSZ3Fgc9FLeKrhLVAP67FSqi1GuVoj9CRac","12","2023_Pokemon_Mew_EN-151_199_PSA_MINT_9.png","local"
"2024 #159 Magneton PSA 10 Svp EN-SV Black Star Promo Pokemon","card","Pokemon","PSA GEM-MT 10","DGtczyn7NzMgne4woxfcHh4gY5TbFTrC2bg3nrdHmvVn","8rqKdpCrymrKuyQcaXaQviKguNWnxS4fyLDqU7ymfUFd","CCryptUfeFSZ3Fgc9FLeKrhLVAP67FSqi1GuVoj9CRac","6","2024_Pokemon_Svp_EN-SV_Black_Star_Promo_159_PSA_GEM-MT_10.png","local"
"2023 #053 Mew EX PSA 9 Svp EN-SV Black Star Promo Pokemon","card","Pokemon","PSA MINT 9","DRffRDkb1y3LWpxzu6bXBHKR8WtwoU8ukxyLfdB3Cjfu","Bpn85NpCzgfjQLbH8YJyBoHcr6hjsY2tFszTVDeK7MW4","CCryptUfeFSZ3Fgc9FLeKrhLVAP67FSqi1GuVoj9CRac","12","2023_Pokemon_Svp_EN-SV_Black_Star_Promo_053_PSA_MINT_9.png","local"
"2023 #007 Squirtle PSA 10 Japanese Sv2a- 151 Pokemon","card","Pokemon","PSA GEM-MT 10","2zBUeL2DCThQER4cEWZtoLP5yHeLEznrj6vFRVtsruFE","HBAFsaSYEJsqCnvEfUxCJGNwT7AiJHztsPxAYgRuW3EU","CCryptUfeFSZ3Fgc9FLeKrhLVAP67FSqi1GuVoj9CRac","1","2023_Pokemon_Japanese_Sv2a-Pokemon_151_007_PSA_GEM-MT_10.png","local"
"2025 #113 Jewelry Bonney PSA 10 One Piece Japanese Mini-Tin Pack Set Vol.2","card","One Piece","PSA GEM-MT 10","2nftuNC7XUNPCYFLtiR3C6ZkzzZbZLBth6r7b5GfSWyL","C6XUVe6yqydiCYdWiR9JFVE4BQqEDUg98tzcoHAMYsCP","CCryptUfeFSZ3Fgc9FLeKrhLVAP67FSqi1GuVoj9CRac","94","card_2025_One_Piece_Japanese_Mini_Tin_Pack_Set_Vol_2_113_PSA_GEM_MT_10.png","onchain"
"NECROVALLEY PGD-084 PHARAONIC GUARDIAN | 1ST EDITION 2003 PSA 10","card","Yu-Gi-Oh!","PSA GEM-MT 10","L5KgignvWy35ApgYcZ2fkPdnbiNv8SdHJQNj6UWckmw","FuhQmfvxwBmJAPDwV7A1vQPrrzfHpMexqMXQqXpt4Uhk","CCryptUfeFSZ3Fgc9FLeKrhLVAP67FSqi1GuVoj9CRac","0","Necrovalley.jpg","local"
"2024 Pokemon Chinese Sword & Shield Shadow Of Glory Holo Radiant Blastoise #15 PSA 10 GEM MINT","card","Pokemon","PSA GEM-MT 10","4kSdchqL6q7Ly8cUS9UX3DaQSbrwXnmaf2dmr8LQojEa","D9nJknthcGj1Y3JMBoVMNf5gsXuEusQaNinYkdK9nbCV","CCryptUfeFSZ3Fgc9FLeKrhLVAP67FSqi1GuVoj9CRac","10","card_2024_Pokemon_Simplified_Chinese_CS5_5_C_Shadow_of_Glory_015_PSA_GEM_MT_10.png","onchain"
"2026 Pokemon Mega Promo First Partner Illustration S1 Full Art Piplup #42 CGC 10 PRISTINE","card","Pokemon","CGC PRISTINE 10","J21RyiAyuBUQezboiLPxnBLZsprcxrdTZdqZ6Zuhrd3j","GR1pyphi1m3EK6bN2ryiyrUsP5bKJR7ELUWauxGCAjnR","CCryptUfeFSZ3Fgc9FLeKrhLVAP67FSqi1GuVoj9CRac","63","card_2026_Black_Star_Promos_Mega_Evolution_MEP_EN_English_042_CGC_PRISTINE_10.png","onchain"
"2021 #SV107 Full Art/Charizard Vmax PSA 10 Sword & Shield Shining Fates","card","Pokemon","PSA GEM-MT 10","Gae9MPZXsEF73LSbmNtobg175o6MqzX3xjMuVK7Nptev","HSyrbiaB6BLkwPB9Hjxp664rUNygCF7oPRF4QuWt1DR6","CCryptUfeFSZ3Fgc9FLeKrhLVAP67FSqi1GuVoj9CRac","8","2021_Pokemon_Sword_Shield_Shining_Fates_SV107_PSA_GEM-MT_10.png","local"
"2025 #070 Carrot PSA 10 One Piece Championship 2025-26 Event Pack","card","One Piece","PSA GEM-MT 10","3MbbFg7zhhZ4HmBa3Kg7K6Aq83fxiM8ssEjgNenZCNqf","FcyWrSWcfnvEPceRABxZvdU7xySR6hypG79Cibf2p8rP","CCryptUfeFSZ3Fgc9FLeKrhLVAP67FSqi1GuVoj9CRac","0","2025_One_Piece_Championship_2025-26_Event_Pack_070_PSA_GEM-MT_10.jpg","local"
"2026 Pokemon Mega Promo First Partner Illustration S1 Full Art Charmander #38 CGC 10 GEM MINT","card","Pokemon","CGC GEM MINT 10","7RLdgWu7okM14GbSzqzkMXFMGAvSsq8Edh1pGo8ekWsP","2Bhjgfsgs3afkC386mK9TTXRMchFW4SE769hpZr2kkPJ","CCryptUfeFSZ3Fgc9FLeKrhLVAP67FSqi1GuVoj9CRac","66","card_2026_Black_Star_Promos_Mega_Evolution_MEP_EN_English_038_CGC_GEM_MINT_10.png","onchain"
"2025 #118 Sabo PSA 10 One Piece OP13-Carrying on His Will","card","One Piece","PSA GEM-MT 10","Gh7FRSmBwadN6QDGNbo9nmJAr1VMtBmbJvwdfppUFh69","7wNGAwCfrYG9973xQ6Y7EeHgs1SUY9EpS49P1DzJPrjU","CCryptUfeFSZ3Fgc9FLeKrhLVAP67FSqi1GuVoj9CRac","64","2025_One_Piece_OP13-Carrying_on_His_Will_118_PSA_GEM-MT_10.jpg","local"
"2023 #ST01-007 Nami CGC 10 Pristine Premium Collection FILM RED (Foil) - English","card","One Piece","CGC PRISTINE 10","5arwwowUTR4E6gkwnFGbfdQvB52dxzbVMiDYCn3u1vAA","Fxtg9ugJ1nK1qk6AFhfh3LNvQYmdRu8CB9g9kgZf6P1N","CCryptUfeFSZ3Fgc9FLeKrhLVAP67FSqi1GuVoj9CRac","0","2023_Premium_Collection_FILM_RED_Foil_-_English_ST01-007_CGC_PRISTINE_10.jpg","local"
"2022 #TG06 Full Art/Gengar PSA 9 Sword & Shield Lost Origin Pokemon","card","Pokemon","PSA MINT 9","BCG8qrs78qHqQpBof2DiLGJuVXNojAHfDL6QQB1qwGzB","6tyqtfQ5mYTi23cphGyh1jEidz7iD5auJ3BLXjW7C6NB","CCryptUfeFSZ3Fgc9FLeKrhLVAP67FSqi1GuVoj9CRac","1","2022_Pokemon_Sword_Shield_Lost_Origin_TG06_PSA_MINT_9.png","local"
"2024 #80 Textured Foil Mindslaver CGC 10 Magic The Gathering MTG Breaking News","card","Magic The Gathering","CGC Trading Cards Pristine 10","cp21XV7fEiuAY6HjmUqB8x7JiwACTL9fy9ATtGeSq2K","7ZXe5mXKFyCrs6hkkqT9xj3ufF6HYCaJgWMNFYL8ArS1","CCryptUfeFSZ3Fgc9FLeKrhLVAP67FSqi1GuVoj9CRac","0","Mindslaver.jpg","local"
"2024 #109 Monkey D. Luffy PSA 10 One Piece OP07-500 Years in the Future","card","One Piece","PSA GEM-MT 10","7GW3cNW3sGbJH6rmwJzJ7zjnzegbSWFW4ozr8qHTYpad","95MUxN9aShxtR3hRQ89xMN3AoJ7QexAERtf6yoUFE8KN","CCryptUfeFSZ3Fgc9FLeKrhLVAP67FSqi1GuVoj9CRac","22","2024_One_Piece_OP07-500_Years_in_the_Future_109_PSA_GEM-MT_10.jpg","local"
"2026 #P-106 Monkey D. Luffy CGC 10 Pristine Tournament Promos - Japanese","card","One Piece","CGC PRISTINE 10","7qYGfoBmnGhntU8dNR1tHGKarnDeewJFHTwFfCDA4Rmm","41YbpKQW49z2bQdLEfD9bWhHKf1QifKsF2LhyZZMncqr","CCryptUfeFSZ3Fgc9FLeKrhLVAP67FSqi1GuVoj9CRac","0","2026_Tournament_Promos_-_Japanese_P-106_CGC_PRISTINE_10.png","local"
"2025 #190 Ethan's Typhlosion PSA 10 Dri EN-Destined Rivals","card","Pokemon","PSA GEM-MT 10","H2MKFZ9Y1hcfYt35Wqb4Br3eCifQHrcJZDaKsxmbd8be","2VKnghuVVEADSwxWNra3rkmhdCqrYx4TSMx6jLARRbbc","CCryptUfeFSZ3Fgc9FLeKrhLVAP67FSqi1GuVoj9CRac","3","2025_Pokemon_Dri_EN-Destined_Rivals_190_PSA_GEM-MT_10.png","local"
"2025 #173 Eevee PSA 10 Svp EN-SV Black Star Promo Pokemon","card","Pokemon","PSA GEM-MT 10","HgSDXFtEkfKyQFTFJgvsmHyfXHJazztrETDd6JW4QgpP","9e9hAP74XeNmJoPvNUcU9yppAM1Cw6XBqE4VbuHASESw","CCryptUfeFSZ3Fgc9FLeKrhLVAP67FSqi1GuVoj9CRac","19","2025_Pokemon_Svp_EN-SV_Black_Star_Promo_173_PSA_GEM-MT_10.png","local"
"2025 #001 Monkey D. Luffy PSA 10 One Piece Starter Deck ST21-EX Gear 5","card","One Piece","PSA GEM-MT 10","EnSZwVskuyXzMi2ryodFoA9BBU5NEMRLKp9a5XiDNPEL","4mBHgVgdRoNSaDmgnRXC79xaUHQbEAxV4QnzvyashmNK","CCryptUfeFSZ3Fgc9FLeKrhLVAP67FSqi1GuVoj9CRac","23","2025_One_Piece_Starter_Deck_ST21-EX_Gear_5_001_PSA_GEM-MT_10.jpg","local"
"2019 #68 Full Art/Jessie & James PSA 10 Sun & Moon Hidden Fates","card","Pokemon","PSA GEM-MT 10","BeQ7XEuUcMyrd4vvWWWWDb5uxnN2jeLJ65zRqoHc8pTH","F4PFkT4atzXQaK4S3d8Dxu446ZGEGMz3Vma7yTR7fJ9X","CCryptUfeFSZ3Fgc9FLeKrhLVAP67FSqi1GuVoj9CRac","3","2019_Pokemon_Sun_Moon_Hidden_Fates_68_PSA_GEM-MT_10.png","local"
"2023 #201 Alakazam EX PSA 10 Mew EN-151 Pokemon","card","Pokemon","PSA GEM-MT 10","7rniaVRUTnza1BDg4GjPCyRw1nNRCXELDdQTpsWcjFAC","9W9F2BbBpAANpymYkfQWabEceW9pdkDHJnXGzbNDNc6E","CCryptUfeFSZ3Fgc9FLeKrhLVAP67FSqi1GuVoj9CRac","4","2023_Pokemon_Mew_EN-151_201_PSA_GEM-MT_10.png","local"
"1999 #15 Venusaur-Holo PSA 6 Game Pokemon","card","Pokemon","PSA EX-MT 6","HZR4TKUVW8nZ6xLpEQksEAC1E2MXEQUoepSc1tB4dChH","hc3zQrURoJUWs22sNxkaGiCSLTy9LXCj1khU91r4KCv","CCryptUfeFSZ3Fgc9FLeKrhLVAP67FSqi1GuVoj9CRac","7","1999_Pokemon_Game_15_PSA_EX-MT_6.png","local"
"2021 #184 Full Art/Sylveon V PSA 10 Sword & Shield Evolving Skies","card","Pokemon","PSA GEM-MT 10","AqAjfrwDepibNtZPXv5rb1vLA9seQN1cKPS9v9Mw5kbF","H64kwN2K7rPxEFGJnuFAYqjYZC4pPuAxQJPKaUPwQG42","CCryptUfeFSZ3Fgc9FLeKrhLVAP67FSqi1GuVoj9CRac","1","2021_Pokemon_Sword_Shield_Evolving_Skies_184_PSA_GEM-MT_10.png","local"
"2024 #211 Espeon EX PSA 10 Japanese Sv8a-Terastal Fest EX","card","Pokemon","PSA GEM-MT 10","G9xKebyCpmAVAPNY1PBsUC67Rmsxqowx4FDr8sk6JNWr","HGV8niiSDLHn9oz5ecezod15mFJCxeJYK7Y8q8xn5Py8","CCryptUfeFSZ3Fgc9FLeKrhLVAP67FSqi1GuVoj9CRac","4","2024_Pokemon_Japanese_Sv8a-Terastal_Fest_EX_211_PSA_GEM-MT_10.png","local"
"2021 #203 Full Art/Ice Rider Calyrex Vmax PSA 10 Sword & Shield Chilling Reign Pokemon","card","Pokemon","PSA GEM-MT 10","4FEKa9vZaQ1wtaDQfQPrP2usfwMJ8FsXpBSaxLRW7pXY","AUsUwk4bYRExvA5bsuVrwK64DYBQE8uoRiqiK1Am8MRB","CCryptUfeFSZ3Fgc9FLeKrhLVAP67FSqi1GuVoj9CRac","1","2021_Pokemon_Sword_Shield_Chilling_Reign_203_PSA_GEM-MT_10.png","local"
"2023 #GG45 Full Art/Deoxys Vmax PSA 10 Sword and Shield Crown Zenith Pokemon","card","Pokemon","PSA GEM-MT 10","FVoavpDaNM3BKNSj9h6qBNKzSekexHtDJaubVktXyJy3","88YU88nrUSfdTD25Uwyh56ycQnuqrfjiCtWTndMSYvny","CCryptUfeFSZ3Fgc9FLeKrhLVAP67FSqi1GuVoj9CRac","5","2023_Pokemon_Sword_and_Shield_Crown_Zenith_GG45_PSA_GEM-MT_10.png","local"
"2025 #P-110 Monkey D. Luffy CGC 10 Pristine Premium Collection One Piece Day'25 - Japanese","card","One Piece","CGC PRISTINE 10","A3RTuKE4RiYg1MsugK9NVRKYNk66QpmwdSjXB38R9h2J","FkwABoMSAPgVmrTpNfPGMp7Tiv1Ak85J4nRKGJRuPYeB","CCryptUfeFSZ3Fgc9FLeKrhLVAP67FSqi1GuVoj9CRac","2","card_2025_Premium_Collection_One_Piece_Day_25_Japanese_P_110_CGC_PRISTINE_10.png","onchain"
"2022 #007 Nami PSA 10 One Piece Starter Deck ST01-Straw Hat Crew","card","One Piece","PSA GEM-MT 10","9s69i1zTo5k4ioSd1rUddsL59vvnGqYAPHSWX8AU6HBx","3uyitCYZxfDLJxCykiByYYiCsE7rWXcryBKhdDp6rx1U","CCryptUfeFSZ3Fgc9FLeKrhLVAP67FSqi1GuVoj9CRac","74","2022_One_Piece_Starter_Deck_ST01-Straw_Hat_Crew_007_PSA_GEM-MT_10.jpg","local"
"2023 #198 Venusaur EX PSA 10 Mew EN-151 Pokemon","card","Pokemon","PSA GEM-MT 10","J6UzE8w6fcPXFKJGAQ7tcwgeXjQ5Asa3p5Syv3UJsgxB","FG8gnK2p6KstA5rUUQLDujmmAp6G9jgDYTf7tQJfebrb","CCryptUfeFSZ3Fgc9FLeKrhLVAP67FSqi1GuVoj9CRac","10","2023_Pokemon_Mew_EN-151_198_PSA_GEM-MT_10.png","local"
"2025 #120 Sabo PSA 10 One Piece OP13-Carrying on His Will","card","One Piece","PSA GEM-MT 10","ERmC9pQ6KN7BonBnm7TYQ3Y4m5eYpfJ8EzxztJVYV25J","Au8AqaT8DAVCPHGK5mm4CWmrY4bwZLUEF3MEpJaLvdmN","CCryptUfeFSZ3Fgc9FLeKrhLVAP67FSqi1GuVoj9CRac","36","2025_One_Piece_OP13-Carrying_on_His_Will_120_PSA_GEM-MT_10.jpg","local"
"2022 #ST01-006 Tony Tony Chopper CGC 10 Pristine Premium Collection 25th Anniversary - Japanese","card","One Piece","CGC PRISTINE 10","7Tjg6fCDN1r3b4v5qsy82FnQDdYycYPf3nU5CF9NxAjx","EgGhgFGbwNACpQ4ZzWEnAd5gcMRxfWRWCkqtWwuFBKPF","CCryptUfeFSZ3Fgc9FLeKrhLVAP67FSqi1GuVoj9CRac","16","2022_Premium_Collection_25th_Anniversary_-_Japanese_ST01-006_CGC_PRISTINE_10.jpg","local"
"2024 #234/091 Charizard ex PSA 9 Paldean Fates - PAF EN - English Pokemon","card","Pokemon","PSA MINT 9","GDzUvBLmnTkCyrLgoFupbQnWibv7bHJevw7SGsNnAN2s","ETHMFhUPe9wbbcgVMHAWfeJMR9ays1Zux3tvLexDmwtE","CCryptUfeFSZ3Fgc9FLeKrhLVAP67FSqi1GuVoj9CRac","3","2024_Pokemon_Paf_EN-Paldean_Fates_234_PSA_MINT_9.png","local"
"2025 #214 Pikachu CGC 10 Black Star Promos - Scarlet & Violet SVP EN - English","card","Pokemon","CGC GEM MINT 10","5yYpPbK8kiLECxfkzXK2KgiB8pE8kg1vfyTNQpNR3Vi7","GEfKekuAhnZn1tph96PmL6XxCd2s6TSE6C2jPkuZ6Qk5","CCryptUfeFSZ3Fgc9FLeKrhLVAP67FSqi1GuVoj9CRac","15","card_2025_Black_Star_Promos_Scarlet_Violet_SVP_EN_English_214_CGC_GEM_MINT_10.png","onchain"
"2023 #331 Charizard EX PSA 10 Japanese Sv4a-Shiny Treasure EX Pokemon","card","Pokemon","PSA GEM-MT 10","C6GTZ6f9zNdmLQPNyRzyRUKaNjY3voq74UqNSkGbbBPP","HB1VvEvQ3fKXZaJQe5USQBXEaSHCwtLQstaNw9ZaCRVm","CCryptUfeFSZ3Fgc9FLeKrhLVAP67FSqi1GuVoj9CRac","3","2023_Pokemon_Japanese_Sv4a-Shiny_Treasure_EX_331_PSA_GEM-MT_10.png","local"
"2025 #080 Gear Two PSA 10 One Piece OP11-A Fist of Divine Speed","card","One Piece","PSA GEM-MT 10","9jQtdStRgppZu2UGGRtRiX7ETSgByfGvg5VFymyDmSGd","BWYMvgAACQzyJJp85Pe7otQhnczVbZHT6UPvUCwPxWUM","CCryptUfeFSZ3Fgc9FLeKrhLVAP67FSqi1GuVoj9CRac","20","2025_One_Piece_OP11-A_Fist_of_Divine_Speed_080_PSA_GEM-MT_10.jpg","local"
"2022 #167 Full Art/Origin Forme Palkia V PSA 10 Sword & Shield Astral Radiance Pokemon","card","Pokemon","PSA GEM-MT 10","G3DVGn6XHtq4v6x6nzTZGZq3VuKURZDfU9v7HWyBNaJn","CaeBori1CzgsFhpD6i4SxfNqA2nZRmecPo6ezg4BQYDZ","CCryptUfeFSZ3Fgc9FLeKrhLVAP67FSqi1GuVoj9CRac","2","2022_Pokemon_Sword_Shield_Astral_Radiance_167_PSA_GEM-MT_10.png","local"
"2024 #188 Eevee PSA 9 Twm EN-Twilight Masquerade Pokemon","card","Pokemon","PSA MINT 9","iw7XswpdvxaE8DkKRtU4r8zHqKQJnN4hsdfsPjABEhs","HeMtqwi3k6H6QhKGexSFFUZjB5ZqxfyH91g2BgLk9i4t","CCryptUfeFSZ3Fgc9FLeKrhLVAP67FSqi1GuVoj9CRac","1","2024_Pokemon_Twm_EN-Twilight_Masquerade_188_PSA_MINT_9.png","local"
"2024 #131 Kingdra EX PSA 10 Svp EN-SV Black Star Promo Pokemon","card","Pokemon","PSA GEM-MT 10","339E2spLSWbqgfCRRfTLn5ZsQxikiw3F9AywmN1nwLM2","DSooViSacw1BEcMYL31jARnQ9hNkCh2of1jnwHbua2S2","CCryptUfeFSZ3Fgc9FLeKrhLVAP67FSqi1GuVoj9CRac","6","2024_Pokemon_Svp_EN-SV_Black_Star_Promo_131_PSA_GEM-MT_10.png","local"
"1993 Weakness PSA 9 Magic The Gathering MTG Alpha","card","Magic The Gathering","PSA MINT 9","GdEzqWaidQcwWruoAqBXrz8qpnjFEVCxv1wCPpveVtPq","EpY62atGqsHoHCrExCZa8cpXpbKuNgj99ECptLdHYBUZ","CCryptUfeFSZ3Fgc9FLeKrhLVAP67FSqi1GuVoj9CRac","0","Weakness.jpg","local"
"2025 #ST21014 Monkey.D.Luffy SR/(ONE PIECE magazine Vol.20 Shonen Jump x One Piece 20th Anniversary Special Issue Insert) BGS 9.5 One Piece Card Game Promos Japanese","card","One Piece","Beckett 9.5-GEM MINT","BsaKmzozhbrGGpwZv8zLfkMkGgRudge74XvrjERbrR5A","ErAMga6KxRzDtKvtKXsHmvoZKsTpDCFwddmsuSbXjtU9","CCryptUfeFSZ3Fgc9FLeKrhLVAP67FSqi1GuVoj9CRac","4","2025_One_Piece_Card_Game_Promos_Japanese_ST21014_Beckett_9_5-GEM_MINT.jpg","local"
"MILLENNIUM SHIELD MP1-001 McDONALD'S | McDONALD'S 2002 PSA 10","card","Yu-Gi-Oh!","PSA GEM-MT 10","3551htPpGZKUEWQHte5etXsSsE5NfK4ozMs5J1pgsFMR","A9wByG9ZtrDriW7MLbapkNyECX5HwBmC8NqrQymk9oGT","CCryptUfeFSZ3Fgc9FLeKrhLVAP67FSqi1GuVoj9CRac","0","Millennium_Shield.jpg","local"
"2023 #ST01-007 Nami CGC 10 Premium Collection FILM RED (Foil) - English","card","One Piece","CGC GEM MINT 10","EVLB8bceSNhKdTiZ68iDyQd15ru34rDrYQ5KzKGfuFqg","Ac3YA5q5tg6wWXntoEFjNLEmymVP6Un4tez9Vxx9Zyph","CCryptUfeFSZ3Fgc9FLeKrhLVAP67FSqi1GuVoj9CRac","0","2023_Premium_Collection_FILM_RED_Foil_-_English_ST01-007_CGC_GEM_MINT_10.jpg","local"
"2025 #OP09-070 Nami CGC 10 Pristine Premium Collection Best Selection Vol.4 - Japanese","card","One Piece","CGC PRISTINE 10","GZCNn3vbhDNhvkKRzTMf1f9W7KjHScxGVaFxgkX2dY7b","9ynUMHxcVCSQ1H7zikSG2zgvKMEJzMtvAZjut9hqoUGU","CCryptUfeFSZ3Fgc9FLeKrhLVAP67FSqi1GuVoj9CRac","1","2025_Premium_Collection_Best_Selection_Vol_4_-_Japanese_OP09-070_CGC_PRISTINE_10.jpg","local"
"2024 #206 Glaceon EX PSA 10 Japanese Sv8a-Terastal Fest EX Pokemon","card","Pokemon","PSA GEM-MT 10","7vczCUUp7T9oxxeMniRQES7PmCYFbQN692Z9eUCbwXjB","8JxZnZRdHF1C3wJEb3GPbJu51Q13Ak7dE9vjEEUFhVCr","CCryptUfeFSZ3Fgc9FLeKrhLVAP67FSqi1GuVoj9CRac","6","2024_Pokemon_Japanese_Sv8a-Terastal_Fest_EX_206_PSA_GEM-MT_10.png","local"
